ID,Name,Surname,PhoneNumber,email
1,Dima,Usenko,79935068630,44444444@gmail.com 
2,Denis,Fomenko,79932203750,666666666@mail.ru 
3,Lana,Morozov,79418604815,77777777@mail.ru 
4,Natasha,Usenko,79519337117,5555555@gmail.com 
5,Sonya,Vitek,79491975033,44444444@gmail.com 
6,Lana,Nebozenko,79091014079,333333@mail.ru 
7,Sonya,Morozov,79844109651,666666666@mail.ru 
8,Pasha,Kaleeva,79445894945,5555555@gmail.com 
9,Lana,Kushnir,79632544289,77777777@mail.ru 
10,Anna,Fomenko,79099230982,99999999@yandex.ru 
11,Denis,Vitek,79073364730,333333@mail.ru 
12,Denis,Fomenko,79068747566,666666666@mail.ru 
13,Igor,Nebozenko,79253519945,666666666@mail.ru 
14,Kate,Kushnir,79081939532,44444444@gmail.com 
15,Lina,Petrenko,79785908434,77777777@mail.ru 
16,Pasha,Kushnir,79481587460,333333@mail.ru 
17,Pasha,Nebozenko,79745190467,99999999@yandex.ru 
18,Lana,Petrenko,79331320850,2222222@yandex.ru 
19,Natasha,Ivanov,79323712204,99999999@yandex.ru 
20,Anna,Kaleeva,79701390129,44444444@gmail.com 
21,Kate,Kushnir,79435739120,333333@mail.ru 
22,Dima,Kushnir,79067109549,11111@gmail.com 
23,Anna,Vitek,79387119546,99999999@yandex.ru 
24,Roma,Zinchenko,79098308082,44444444@gmail.com 
25,Roma,Kaleeva,79717798340,5555555@gmail.com 
26,Sonya,Petrenko,79654282636,5555555@gmail.com 
27,Kate,Morozov,79762823126,333333@mail.ru 
28,Lina,Vitek,79579126828,77777777@mail.ru 
29,Anna,Nebozenko,79009197499,666666666@mail.ru 
30,Sonya,Zinchenko,79272853414,666666666@mail.ru 
31,Anna,Ivanov,79403103009,11111@gmail.com 
32,Roma,Fomenko,79964729640,2222222@yandex.ru 
33,Anna,Morozov,79608059160,11111@gmail.com 
34,Anna,Vitek,79035521394,333333@mail.ru 
35,Dima,Fomenko,79136584249,44444444@gmail.com 
36,Igor,Krasota,79060203040,44444444@gmail.com 
37,Anna,Nebozenko,79979883245,11111@gmail.com 
38,Dima,Krasota,79344291580,44444444@gmail.com 
39,Dima,Kushnir,79710167962,11111@gmail.com 
40,Natasha,Zinchenko,79590136772,333333@mail.ru 
41,Igor,Morozov,79571703015,99999999@yandex.ru 
42,Lina,Nebozenko,79098048574,333333@mail.ru 
43,Dima,Kaleeva,79768258244,44444444@gmail.com 
44,Pasha,Petrenko,79626600750,99999999@yandex.ru 
45,Igor,Zinchenko,79973976974,88888888@mail.ru 
46,Kate,Ivanov,79420820178,5555555@gmail.com 
47,Anna,Kaleeva,79292783426,77777777@mail.ru 
48,Denis,Kaleeva,79905291921,5555555@gmail.com 
49,Kate,Fomenko,79741812292,77777777@mail.ru 
50,Kate,Zinchenko,79221231996,77777777@mail.ru 
51,Pasha,Nebozenko,79455292291,99999999@yandex.ru 
52,Roma,Morozov,79725998656,99999999@yandex.ru 
53,Kate,Ivanov,79030844611,44444444@gmail.com 
54,Denis,Fomenko,79781515641,99999999@yandex.ru 
55,Kate,Kushnir,79264283629,666666666@mail.ru 
56,Sonya,Vitek,79526097619,99999999@yandex.ru 
57,Roma,Morozov,79801296346,44444444@gmail.com 
58,Anna,Petrenko,79036142917,5555555@gmail.com 
59,Roma,Nebozenko,79111057840,5555555@gmail.com 
60,Sonya,Kushnir,79938278208,88888888@mail.ru 
61,Sonya,Kushnir,79109634041,333333@mail.ru 
62,Pasha,Kushnir,79569260172,2222222@yandex.ru 
63,Natasha,Kaleeva,79855276557,666666666@mail.ru 
64,Igor,Nebozenko,79765552381,2222222@yandex.ru 
65,Natasha,Kaleeva,79262176694,11111@gmail.com 
66,Dima,Morozov,79707836567,77777777@mail.ru 
67,Igor,Krasota,79076923562,666666666@mail.ru 
68,Kate,Vitek,79844100954,333333@mail.ru 
69,Denis,Petrenko,79545683282,333333@mail.ru 
70,Roma,Kushnir,79585113366,44444444@gmail.com 
71,Roma,Ivanov,79992342724,5555555@gmail.com 
72,Kate,Kushnir,79538373664,44444444@gmail.com 
73,Anna,Kushnir,79151972822,44444444@gmail.com 
74,Denis,Morozov,79061339315,11111@gmail.com 
75,Sonya,Petrenko,79299321603,11111@gmail.com 
76,Pasha,Kushnir,79848265398,2222222@yandex.ru 
77,Anna,Nebozenko,79853658804,666666666@mail.ru 
78,Dima,Krasota,79729814129,333333@mail.ru 
79,Lina,Vitek,79868420032,5555555@gmail.com 
80,Dima,Krasota,79100361813,666666666@mail.ru 
81,Anna,Morozov,79777095291,5555555@gmail.com 
82,Denis,Kaleeva,79571434320,333333@mail.ru 
83,Lina,Morozov,79192882984,99999999@yandex.ru 
84,Lina,Nebozenko,79688773082,11111@gmail.com 
85,Denis,Morozov,79345396343,11111@gmail.com 
86,Dima,Vitek,79903383364,5555555@gmail.com 
87,Kate,Vitek,79945879380,333333@mail.ru 
88,Kate,Zinchenko,79248731338,2222222@yandex.ru 
89,Dima,Nebozenko,79524752864,5555555@gmail.com 
90,Kate,Vitek,79920022550,5555555@gmail.com 
91,Pasha,Kushnir,79363485287,88888888@mail.ru 
92,Lana,Ivanov,79905104321,666666666@mail.ru 
93,Roma,Nebozenko,79780254101,2222222@yandex.ru 
94,Anna,Ivanov,79179254759,333333@mail.ru 
95,Lana,Nebozenko,79280488352,44444444@gmail.com 
96,Anna,Krasota,79055358756,5555555@gmail.com 
97,Igor,Ivanov,79597371676,5555555@gmail.com 
98,Igor,Zinchenko,79845163195,44444444@gmail.com 
99,Lina,Ivanov,79693761501,99999999@yandex.ru 
100,Kate,Krasota,79769971426,333333@mail.ru 
